method,components,avg_area,holes
Global,732,108.96857923497268,227435
Improved,62,2897.548387096774,127552
