method,components,avg_area,holes
Global,732,108.96857923497268,1
Improved,68,2724.1470588235293,1
