name,deltaE_mean,deltaE_max,ssim_score,diff_mean
y_he,5.717887878417969,41.5958366394043,0.65662732471582,19.12078125
clahe,5.717887878417969,41.5958366394043,0.65662732471582,19.12078125
